model,manufacturer,lens_type,lens_mount,focal_length_mm,min_wd_mm,distortion_percent,image_circle_mm,megapixel_rating,recommended_min_pixel_um,pmag,nominal_wd_mm,wd_tolerance_mm,max_sensor_diagonal_mm,telecentricity_deg,dof_mm,numerical_aperture,f_number,coaxial_illumination,object_resolution_um,catalog_magnification,catalog_sensor_format,catalog_working_distance,catalog_mount,source_category,source_content_ids,source_url,drawing_2d_url,drawing_3d_url,notes
MT007-300-150-11-C,慕藤光,BiTelecentric,C,,,,,,,0.07,300,,11,,,,,,73.9,0.07,2/3″（φ11）,300,C接口,双侧远心镜头系列,1673|543,https://www.mvotem.com/list_99/,https://www.mvotem.com/static/upload/file/20250225/1740462165953618.pdf,https://www.mvotem.com/static/upload/other/20231204/1701655569901739.step,慕藤光官网在线选型表；变倍率与缺失参数须按实际配置核对
MT009-276-125-11-C,慕藤光,BiTelecentric,,,,,,,,,,,,,,,,,,,,,,双侧远心镜头系列,1674,https://www.mvotem.com/list_99/,https://www.mvotem.com/static/upload/file/20250225/1740462191618381.pdf,,慕藤光官网在线选型表；变倍率与缺失参数须按实际配置核对
H7020,慕藤光,Zoom,,,,,,,,,,,,,,,,,,0.7X-4.5X,,,,H7020-自动变倍变焦镜头,1647,https://www.mvotem.com/list_99/,https://www.mvotem.com/static/upload/file/20250220/1740014757265771.pdf,https://www.mvotem.com/static/upload/file/20250220/1740014782651629.pdf,慕藤光官网在线选型表；变倍率与缺失参数须按实际配置核对
MV0414SA,慕藤光,FixedFocal,C,,,,,,,,,,11,,,,,,,,2/3″（φ11）,,C接口,机器视觉镜头,659,https://www.mvotem.com/list_99/,https://www.mvotem.com/static/upload/file/20231201/1701393718476311.pdf,,慕藤光官网在线选型表；变倍率与缺失参数须按实际配置核对
MVX-3524-17-20M,慕藤光,FixedFocal,C,,,,,,,,,,,,,,,,,,1.1″,100~lnf,C接口,机器视觉镜头,656,https://www.mvotem.com/list_99/,https://www.mvotem.com/static/upload/file/20231201/1701401992959886.pdf,https://www.mvotem.com/static/upload/other/20231201/1701401998620783.step,慕藤光官网在线选型表；变倍率与缺失参数须按实际配置核对
MVX-5024-17-20M,慕藤光,FixedFocal,C,,,,,,,,,,,,,,,,,,1.1″,200~lnf,C接口,机器视觉镜头,657,https://www.mvotem.com/list_99/,https://www.mvotem.com/static/upload/file/20231201/1701409477590335.pdf,https://www.mvotem.com/static/upload/other/20231201/1701394089986709.step,慕藤光官网在线选型表；变倍率与缺失参数须按实际配置核对
MVX-0816-11-8M,慕藤光,FixedFocal,C,,,,,,,,,,11,,,,,,,,2/3″（φ11）,100~lnf,C接口,机器视觉镜头,658|658,https://www.mvotem.com/list_99/,https://www.mvotem.com/static/upload/file/20231201/1701393931765563.pdf,https://www.mvotem.com/static/upload/other/20231201/1701393940756511.step,慕藤光官网在线选型表；变倍率与缺失参数须按实际配置核对
MT-PL30,慕藤光,Unclassified,,,,,,,,,,,,,,,,,,,,,,,643,https://www.mvotem.com/list_99/,https://www.mvotem.com/static/upload/file/20231201/1701410104605533.pdf,https://www.mvotem.com/static/upload/other/20231201/1701410109814757.step,慕藤光官网在线选型表；变倍率与缺失参数须按实际配置核对
MT-P3,慕藤光,Unclassified,,,,,,,,,,,,,,,,,,,,,,,640,https://www.mvotem.com/list_99/,https://www.mvotem.com/static/upload/file/20231201/1701410183963307.pdf,https://www.mvotem.com/static/upload/other/20231201/1701410186711688.step,慕藤光官网在线选型表；变倍率与缺失参数须按实际配置核对
MT-PL25,慕藤光,Unclassified,,,,,,,,,,,,,,,,,,,,,,,639,https://www.mvotem.com/list_99/,https://www.mvotem.com/static/upload/file/20231201/1701410586807586.pdf,https://www.mvotem.com/static/upload/other/20231201/1701410595862714.step,慕藤光官网在线选型表；变倍率与缺失参数须按实际配置核对
MT-PL16-D5,慕藤光,Unclassified,,,,,,,,,,,,,,,,,,,,,,,636,https://www.mvotem.com/list_99/,https://www.mvotem.com/static/upload/file/20231201/1701410878830485.pdf,https://www.mvotem.com/static/upload/other/20231201/1701410894704977.step,慕藤光官网在线选型表；变倍率与缺失参数须按实际配置核对
MT-PL16-D4,慕藤光,Unclassified,,,,,,,,,,,,,,,,,,,,,,,635,https://www.mvotem.com/list_99/,https://www.mvotem.com/static/upload/file/20231201/1701410912985488.pdf,https://www.mvotem.com/static/upload/other/20231201/1701410915137719.step,慕藤光官网在线选型表；变倍率与缺失参数须按实际配置核对
MA-2F,慕藤光,MicroscopeObjective,,,,,,,,,7.1,,,,,,,,0.5,100,,7.1,,,632,https://www.mvotem.com/list_99/,,,慕藤光官网在线选型表；变倍率与缺失参数须按实际配置核对
MA-4F,慕藤光,MicroscopeObjective,,,,,,,,,18.9,,,,,,,,0.7,50,,18.9,,,631,https://www.mvotem.com/list_99/,https://www.mvotem.com/static/upload/file/20231201/1701410495100616.pdf,https://www.mvotem.com/static/upload/other/20231201/1701410501647509.step,慕藤光官网在线选型表；变倍率与缺失参数须按实际配置核对
MA-10F,慕藤光,MicroscopeObjective,,,,,,,,,29.5,,,,,,,,0.8,20,,29.5,,,629,https://www.mvotem.com/list_99/,https://www.mvotem.com/static/upload/file/20231201/1701411137228852.pdf,https://www.mvotem.com/static/upload/other/20231201/1701411154527233.step,慕藤光官网在线选型表；变倍率与缺失参数须按实际配置核对
MA-13F,慕藤光,MicroscopeObjective,,,,,,,,,22.5,,,,,,,,0.79,15,,22.5,,,628,https://www.mvotem.com/list_99/,https://www.mvotem.com/static/upload/file/20231201/1701411334577796.pdf,https://www.mvotem.com/static/upload/other/20231201/1701411339337336.step,慕藤光官网在线选型表；变倍率与缺失参数须按实际配置核对
MA-28F,慕藤光,MicroscopeObjective,,,,,,,,,36.4,,,,,,,,1.25,7,,36.4,,,626,https://www.mvotem.com/list_99/,https://www.mvotem.com/static/upload/file/20231201/1701411390473789.pdf,https://www.mvotem.com/static/upload/other/20231201/1701411397415504.step,慕藤光官网在线选型表；变倍率与缺失参数须按实际配置核对
MA-40F,慕藤光,MicroscopeObjective,,,,,,,,,45.3,,,,,,,,2,5,,45.3,,,625,https://www.mvotem.com/list_99/,https://www.mvotem.com/static/upload/file/20231201/1701411458576461.pdf,https://www.mvotem.com/static/upload/other/20231201/1701411472931953.step,慕藤光官网在线选型表；变倍率与缺失参数须按实际配置核对
MA-100F,慕藤光,MicroscopeObjective,,,,,,,,,33.7,,,,,,,,6.1,2,,33.7,,,623,https://www.mvotem.com/list_99/,https://www.mvotem.com/static/upload/file/20231201/1701411560550571.pdf,https://www.mvotem.com/static/upload/other/20231201/1701411564105387.step,慕藤光官网在线选型表；变倍率与缺失参数须按实际配置核对
MZ7.0X-2.0A,慕藤光,Zoom,,,,,,,,,,,,,,,,,,2,,,,,622,https://www.mvotem.com/list_99/,https://www.mvotem.com/static/upload/file/20231209/1702085160678763.pdf,https://www.mvotem.com/static/upload/other/20231201/1701412034158552.step,慕藤光官网在线选型表；变倍率与缺失参数须按实际配置核对
MZ7.0X-0.5A,慕藤光,Zoom,,,,,,,,,,,,,,,,,,0.5,,,,,619,https://www.mvotem.com/list_99/,https://www.mvotem.com/static/upload/file/20231209/1702085213548315.pdf,https://www.mvotem.com/static/upload/other/20231201/1701412160914416.step,慕藤光官网在线选型表；变倍率与缺失参数须按实际配置核对
MF200-DIC,慕藤光,Unclassified,,,,,,,,,,,,,,,,,,,,,,,616,https://www.mvotem.com/list_99/,,,慕藤光官网在线选型表；变倍率与缺失参数须按实际配置核对
MZ7.0XC-PL,慕藤光,Zoom,,,,,,,,,,,,,,,,,,,,,,,615,https://www.mvotem.com/list_99/,https://www.mvotem.com/static/upload/file/20231201/1701412240847807.pdf,https://www.mvotem.com/static/upload/other/20231201/1701412268104971.step,慕藤光官网在线选型表；变倍率与缺失参数须按实际配置核对
MTZ012-08X,慕藤光,Unclassified,C,,,,,,,,175,2,8,,,,,,,0.12~0.8,1/2″（φ8）,175±2,C接口,,613,https://www.mvotem.com/list_99/,,,慕藤光官网在线选型表；变倍率与缺失参数须按实际配置核对
MSBK-28C-L,慕藤光,Unclassified,,,,,,,,,,,,,,,,,,,,,,,612,https://www.mvotem.com/list_99/,https://www.mvotem.com/static/upload/file/20231201/1701412395983956.pdf,https://www.mvotem.com/static/upload/other/20231209/1702085468175573.step,慕藤光官网在线选型表；变倍率与缺失参数须按实际配置核对
MT6.0-110C-HR-90,慕藤光,Unclassified,C,,,,,,,,110,,11,,,,,,3,6,2/3″（φ11）,110,C接口,,605,https://www.mvotem.com/list_99/,,,慕藤光官网在线选型表；变倍率与缺失参数须按实际配置核对
MT4.0-110-HR-90,慕藤光,Unclassified,C,,,,,,,,110,,11,,,,,,3,4,2/3″（φ11）,110,C接口,,602,https://www.mvotem.com/list_99/,,,慕藤光官网在线选型表；变倍率与缺失参数须按实际配置核对
MT2.0-110C-HR-90,慕藤光,Unclassified,C,,,,,,,,110,,11,,,,,,4.5,2,2/3″（φ11）,110,C接口,,597,https://www.mvotem.com/list_99/,,,慕藤光官网在线选型表；变倍率与缺失参数须按实际配置核对
MT1.5-110-HR-90,慕藤光,Unclassified,C,,,,,,,,110,,11,,,,,,5.4,1.5,2/3″（φ11）,110,C接口,,594,https://www.mvotem.com/list_99/,,,慕藤光官网在线选型表；变倍率与缺失参数须按实际配置核对
MT1.0-110C-HR-90,慕藤光,Unclassified,C,,,,,,,,110,,11,,,,,,7.5,1,2/3″（φ11）,110,C接口,,593,https://www.mvotem.com/list_99/,,,慕藤光官网在线选型表；变倍率与缺失参数须按实际配置核对
MT0.8-110-HR-90,慕藤光,Unclassified,C,,,,,,,,110,,11,,,,,,8.4,0.8,2/3″（φ11）,110,C接口,,590,https://www.mvotem.com/list_99/,,,慕藤光官网在线选型表；变倍率与缺失参数须按实际配置核对
MT0.5-110C-HR-90,慕藤光,Unclassified,C,,,,,,,,110,,11,,,,,,12.8,0.5,2/3″（φ11）,110,C接口,,589,https://www.mvotem.com/list_99/,https://www.mvotem.com/static/upload/file/20231205/1701757419453811.pdf,https://www.mvotem.com/static/upload/other/20231205/1701757423475585.step,慕藤光官网在线选型表；变倍率与缺失参数须按实际配置核对
MD-11-4-10-WD40-8C,慕藤光,OpticalAssembly,C,,,,,,,,40,,8,,,,,,7.5,1,1/2″（φ8）,40,C接口,高清多倍率镜头组,578,https://www.mvotem.com/list_99/,https://www.mvotem.com/static/upload/file/20250225/1740464008941488.pdf,,慕藤光官网在线选型表；变倍率与缺失参数须按实际配置核对
MV2818-2MCS,慕藤光,FixedFocal,CS,,,,,,,,,,8,,,,,,,,1/2″（φ8）,,CS,内孔检测光学镜头,577,https://www.mvotem.com/list_99/,https://www.mvotem.com/static/upload/file/20250225/1740463782157058.pdf,,慕藤光官网在线选型表；变倍率与缺失参数须按实际配置核对
MT-IF55-18C + MC-5 + OF50-65-14.7D,慕藤光,OpticalAssembly,C,,,,,,,,,,22,,,,,,2.24,1.1,4/3″（φ22）,65±5%,C接口,镜管系列,566,https://www.mvotem.com/list_99/,,,慕藤光官网在线选型表；变倍率与缺失参数须按实际配置核对
MT-IF55-18C + MC-5 + OF50-65-10D,慕藤光,OpticalAssembly,C,,,,,,,,,,22,,,,,,3.05,1.1,4/3″（φ22）,65±5%,C接口,镜管系列,565,https://www.mvotem.com/list_99/,https://www.mvotem.com/static/upload/file/20231204/1701653887307152.pdf,,慕藤光官网在线选型表；变倍率与缺失参数须按实际配置核对
MT-IF55-18C + MC-5 + OF50-65-7D,慕藤光,OpticalAssembly,C,,,,,,,,,,22,,,,,,4.79,1.1,4/3″（φ22）,65±5%,C接口,镜管系列,564,https://www.mvotem.com/list_99/,,,慕藤光官网在线选型表；变倍率与缺失参数须按实际配置核对
MF200-C-S + MA-20F,慕藤光,OpticalAssembly,C,,,,,,,,34,,22,,,,,,1.2,10,4/3″（φ22）,34,C接口,镜管系列,561,https://www.mvotem.com/list_99/,https://www.mvotem.com/static/upload/file/20231212/1702349327850664.pdf,https://www.mvotem.com/static/upload/other/20231209/1702085902707284.step,慕藤光官网在线选型表；变倍率与缺失参数须按实际配置核对
MF200-C-S + MA-28F,慕藤光,OpticalAssembly,C,,,,,,,,36.4,,22,,,,,,1.25,7,4/3″（φ22）,36.4,C接口,镜管系列,560,https://www.mvotem.com/list_99/,https://www.mvotem.com/static/upload/file/20231212/1702349342637719.pdf,https://www.mvotem.com/static/upload/other/20231209/1702085925612484.step,慕藤光官网在线选型表；变倍率与缺失参数须按实际配置核对
MF200-C-S + MA-57F,慕藤光,OpticalAssembly,C,,,,,,,,41,,22,,,,,,2.75,3.5,4/3″（φ22）,41,C接口,镜管系列,558,https://www.mvotem.com/list_99/,https://www.mvotem.com/static/upload/file/20231212/1702349707248850.pdf,https://www.mvotem.com/static/upload/other/20231212/1702349451615675.step,慕藤光官网在线选型表；变倍率与缺失参数须按实际配置核对
MF200-C-S + MA-100F,慕藤光,OpticalAssembly,C,,,,,,,,33.7,,22,,,,,,6.1,2,4/3″（φ22）,33.7,C接口,镜管系列,557,https://www.mvotem.com/list_99/,https://www.mvotem.com/static/upload/file/20231212/1702349728391959.pdf,https://www.mvotem.com/static/upload/other/20231212/1702349746812940.step,慕藤光官网在线选型表；变倍率与缺失参数须按实际配置核对
MF100-C-S + MA-20F,慕藤光,OpticalAssembly,C,,,,,,,,34,,22,,,,,,1.2,5,4/3″（φ22）,34,C接口,镜管系列,554,https://www.mvotem.com/list_99/,https://www.mvotem.com/static/upload/file/20231212/1702349807511767.pdf,https://www.mvotem.com/static/upload/other/20231209/1702086075706386.step,慕藤光官网在线选型表；变倍率与缺失参数须按实际配置核对
MF100-C-S + MA-40F,慕藤光,OpticalAssembly,C,,,,,,,,45.3,,22,,,,,,2,2.5,4/3″（φ22）,45.3,C接口,镜管系列,552,https://www.mvotem.com/list_99/,https://www.mvotem.com/static/upload/file/20231212/1702349841225224.pdf,https://www.mvotem.com/static/upload/other/20231209/1702086115977794.step,慕藤光官网在线选型表；变倍率与缺失参数须按实际配置核对
MF100-C-S,慕藤光,OpticalAssembly,,,,,,,,,,,,,,,,,,,,,,镜管系列,547,https://www.mvotem.com/list_99/,https://www.mvotem.com/static/upload/file/20231212/1702349930627182.pdf,https://www.mvotem.com/static/upload/other/20231204/1701654890496564.step,慕藤光官网在线选型表；变倍率与缺失参数须按实际配置核对
MF200-C-S,慕藤光,OpticalAssembly,,,,,,,,,,,,,,,,,,,,,,镜管系列,548,https://www.mvotem.com/list_99/,https://www.mvotem.com/static/upload/file/20231212/1702349914822942.pdf,https://www.mvotem.com/static/upload/other/20231204/1701654858267225.step,慕藤光官网在线选型表；变倍率与缺失参数须按实际配置核对
MT010-300-150-16-C,慕藤光,BiTelecentric,C,,,,,,,0.1,300,,16,,,,,,50.2,0.1,1″（φ16）,300,C接口,远心镜头,544|1675,https://www.mvotem.com/list_99/,https://www.mvotem.com/static/upload/file/20231204/1701655522978330.pdf,https://www.mvotem.com/static/upload/other/20231204/1701655530269644.step,慕藤光官网在线选型表；变倍率与缺失参数须按实际配置核对
MT015-300-150-23-C,慕藤光,ObjectTelecentric,C,,,,,,,0.15,300,,22,,,,,,33.1,0.15,4/3″（φ22）,300,C接口,远心镜头,545,https://www.mvotem.com/list_99/,https://www.mvotem.com/static/upload/file/20231204/1701655158832420.pdf,https://www.mvotem.com/static/upload/other/20231209/1702086176558218.step,慕藤光官网在线选型表；变倍率与缺失参数须按实际配置核对
MT4.0-110C-HR,慕藤光,ObjectTelecentric,C,,,,,,,4,110,,11,,,,,,4.5,4,2/3″（φ11）,110,C接口,远心镜头,521|1789,https://www.mvotem.com/list_99/,https://www.mvotem.com/static/upload/file/20241031/1730353048109674.pdf,https://www.mvotem.com/static/upload/other/20250815/1755246827991389.step,慕藤光官网在线选型表；变倍率与缺失参数须按实际配置核对
MT2.0-110C-HR,慕藤光,ObjectTelecentric,C,,,,,,,2,110,,11,,,,,,4.5,2,2/3″（φ11）,110,C接口,远心镜头,515|1787,https://www.mvotem.com/list_99/,https://www.mvotem.com/static/upload/file/20241031/1730353070356968.pdf,https://www.mvotem.com/static/upload/other/20250815/1755246680682234.step,慕藤光官网在线选型表；变倍率与缺失参数须按实际配置核对
MT0.8-110C-HR,慕藤光,ObjectTelecentric,C,,,,,,,0.8,110,,11,,,,,,8.4,0.8,2/3″（φ11）,110,C接口,远心镜头,509,https://www.mvotem.com/list_99/,https://www.mvotem.com/static/upload/file/20241031/1730353135433624.pdf,,慕藤光官网在线选型表；变倍率与缺失参数须按实际配置核对
MT6.0-65C-HR,慕藤光,ObjectTelecentric,C,,,,,,,6,65,,11,,,,,,3,6,2/3″（φ11）,65,C接口,远心镜头,503|1778,https://www.mvotem.com/list_99/,https://www.mvotem.com/static/upload/file/20241031/1730353509172027.pdf,https://www.mvotem.com/static/upload/other/20250815/1755246046214167.step,慕藤光官网在线选型表；变倍率与缺失参数须按实际配置核对
MAZ12-M-2O-1EC,慕藤光,Zoom,C,,,,,,,,40,,22,,,,,,,1.2~14.4,4/3″（φ22）,40,C接口,SR超分辨率变倍,484,https://www.mvotem.com/list_99/,,,慕藤光官网在线选型表；变倍率与缺失参数须按实际配置核对
MAZ12-M-2O-0.5EC,慕藤光,Zoom,C,,,,,,,,40,,11,,,,,,,0.6~7.2,2/3″（φ11）,40,C接口,SR超分辨率变倍,483,https://www.mvotem.com/list_99/,,,慕藤光官网在线选型表；变倍率与缺失参数须按实际配置核对
MAZ12-M-1O-2EC,慕藤光,Zoom,M58,,,,,,,,90,,44,,,,,,,1.2~14.4,φ44,90,M58,SR超分辨率变倍,482,https://www.mvotem.com/list_99/,,,慕藤光官网在线选型表；变倍率与缺失参数须按实际配置核对
MAZ12-M-0.5O-0.5EC,慕藤光,Zoom,C,,,,,,,,180,,11,,,,,,,0.15~1.8,2/3″（φ11）,180,C接口,SR超分辨率变倍,477,https://www.mvotem.com/list_99/,,,慕藤光官网在线选型表；变倍率与缺失参数须按实际配置核对
MAZ12-SM-0.5O-2EC,慕藤光,Zoom,M58,,,,,,,,180,,44,,,,,,,0.6~7.2,φ44,180,M58,SR超分辨率变倍,470,https://www.mvotem.com/list_99/,,,慕藤光官网在线选型表；变倍率与缺失参数须按实际配置核对
MAZ12-SM-0.5O-1EC,慕藤光,Zoom,C,,,,,,,,180,,22,,,,,,,0.3~3.6,4/3″（φ22）,180,C接口,SR超分辨率变倍,469,https://www.mvotem.com/list_99/,,,慕藤光官网在线选型表；变倍率与缺失参数须按实际配置核对
MAZ12-SM-0.5O-0.5EC,慕藤光,Zoom,C,,,,,,,,180,,11,,,,,,,0.15~1.8,2/3″（φ11）,180,C接口,SR超分辨率变倍,468,https://www.mvotem.com/list_99/,https://www.mvotem.com/static/upload/file/20250310/1741589485396985.pdf,https://www.mvotem.com/static/upload/other/20250310/1741589491908706.step,慕藤光官网在线选型表；变倍率与缺失参数须按实际配置核对
MZ7.0XF,慕藤光,Zoom,,,,,,,,,95,2,16,,,,,,,0.7~4.5,1″（φ16）,95±2,C接口/F接口,连续变倍镜头,466,https://www.mvotem.com/list_99/,https://www.mvotem.com/static/upload/file/20231205/1701754141890469.pdf,https://www.mvotem.com/static/upload/other/20231205/1701754146818217.step,慕藤光官网在线选型表；变倍率与缺失参数须按实际配置核对
MZ7.0XC,慕藤光,Zoom,,,,,,,,,95,2,16,,,,,,,0.7~4.5,1″（φ16）,95±2,C接口/F接口,连续变倍镜头,465|1649,https://www.mvotem.com/list_99/,https://www.mvotem.com/static/upload/file/20231205/1701754194489164.pdf,https://www.mvotem.com/static/upload/other/20231205/1701754200365272.step,慕藤光官网在线选型表；变倍率与缺失参数须按实际配置核对
MAZ7.0XF-LZ,慕藤光,Zoom,,,,,,,,,93,2,16,,,,,,,0.7~4.5,1″（φ16）,93±2,C接口/F接口,导轨自动变倍镜头,461,https://www.mvotem.com/list_99/,https://www.mvotem.com/static/upload/file/20231209/1702086935125032.pdf,https://www.mvotem.com/static/upload/other/20231205/1701754512213669.step,慕藤光官网在线选型表；变倍率与缺失参数须按实际配置核对
MT4.0-110C-HR-90,慕藤光,Unclassified,C,,,,,,,,110,,11,,,,,,3,4,2/3″（φ11）,110,C接口,,603,https://www.mvotem.com/list_99/,,,慕藤光官网在线选型表；变倍率与缺失参数须按实际配置核对
MT1.5-110C-HR-90,慕藤光,Unclassified,C,,,,,,,,110,,11,,,,,,5.4,1.5,2/3″（φ11）,110,C接口,,595,https://www.mvotem.com/list_99/,,,慕藤光官网在线选型表；变倍率与缺失参数须按实际配置核对
MT0.8-110C-HR-90,慕藤光,Unclassified,C,,,,,,,,110,,11,,,,,,8.4,0.8,2/3″（φ11）,110,C接口,,591,https://www.mvotem.com/list_99/,,,慕藤光官网在线选型表；变倍率与缺失参数须按实际配置核对
MD-11-4-10-WD40-10C,慕藤光,Unclassified,,,,,,,,,40,,,,,,,,1.7,10,,40,,,584,https://www.mvotem.com/list_99/,,,慕藤光官网在线选型表；变倍率与缺失参数须按实际配置核对
MD-11-4-10-WD40-9C,慕藤光,Unclassified,,,,,,,,,40,,,,,,,,2.6,4,,40,,,581,https://www.mvotem.com/list_99/,,,慕藤光官网在线选型表；变倍率与缺失参数须按实际配置核对
MF100-C-S + MA-57F,慕藤光,OpticalAssembly,C,,,,,,,,41,,22,,,,,,2.75,1.75,4/3″（φ22）,41,C接口,镜管系列,551,https://www.mvotem.com/list_99/,https://www.mvotem.com/static/upload/file/20231212/1702349854920088.pdf,https://www.mvotem.com/static/upload/other/20231209/1702085968944516.step,慕藤光官网在线选型表；变倍率与缺失参数须按实际配置核对
MT0.5-110C-HR,慕藤光,ObjectTelecentric,C,,,,,,,0.5,110,,11,,,,,,12.8,0.5,2/3″（φ11）,110,C接口,远心镜头,507,https://www.mvotem.com/list_99/,https://www.mvotem.com/static/upload/file/20241031/1730353172601259.pdf,,慕藤光官网在线选型表；变倍率与缺失参数须按实际配置核对
MAZ12-M-0.5O-1EC,慕藤光,Zoom,C,,,,,,,,180,,22,,,,,,,0.3~3.6,4/3″（φ22）,180,C接口,SR超分辨率变倍,478,https://www.mvotem.com/list_99/,,,慕藤光官网在线选型表；变倍率与缺失参数须按实际配置核对
MAZ12-SM-2O-2EC,慕藤光,Zoom,M58,,,,,,,,40,,44,,,,,,,2.4~28.8,φ44,40,M58,SR超分辨率变倍,476,https://www.mvotem.com/list_99/,,,慕藤光官网在线选型表；变倍率与缺失参数须按实际配置核对
MAZ12.0X-LZ,慕藤光,Zoom,,,,,,,,,85,2,16,,,,,,,0.6~7.2,1″（φ16）,85±2,C接口/F接口,12：1导轨自动变倍镜头,462,https://www.mvotem.com/list_99/,https://www.mvotem.com/static/upload/file/20231209/1702086755172202.pdf,https://www.mvotem.com/static/upload/other/20231205/1701754421788245.step,慕藤光官网在线选型表；变倍率与缺失参数须按实际配置核对
MT-P2,慕藤光,Unclassified,,,,,,,,,,,,,,,,,,,,,,,633,https://www.mvotem.com/list_99/,https://www.mvotem.com/static/upload/file/20231201/1701410974116619.pdf,https://www.mvotem.com/static/upload/other/20231201/1701410978943642.step,慕藤光官网在线选型表；变倍率与缺失参数须按实际配置核对
MZ7.0X-0.75A,慕藤光,Zoom,,,,,,,,,,,,,,,,,,0.75,,,,,620,https://www.mvotem.com/list_99/,https://www.mvotem.com/static/upload/file/20231209/1702085192360460.pdf,https://www.mvotem.com/static/upload/other/20231201/1701412142666166.step,慕藤光官网在线选型表；变倍率与缺失参数须按实际配置核对
MSBK-28C,慕藤光,Unclassified,,,,,,,,,,,,,,,,,,,,,,,610,https://www.mvotem.com/list_99/,,https://www.mvotem.com/static/upload/other/20231201/1701412492190618.step,慕藤光官网在线选型表；变倍率与缺失参数须按实际配置核对
MF100-C-S + MA-13F,慕藤光,OpticalAssembly,C,,,,,,,,22.6,,22,,,,,,0.79,7.7,4/3″（φ22）,22.6,C接口,镜管系列,555,https://www.mvotem.com/list_99/,https://www.mvotem.com/static/upload/file/20231212/1702349794802037.pdf,https://www.mvotem.com/static/upload/other/20231209/1702086055332718.step,慕藤光官网在线选型表；变倍率与缺失参数须按实际配置核对
MZL16L-P3,慕藤光,Zoom,,,,,,,,,,,,,,,,,,,,,,,637,https://www.mvotem.com/list_99/,https://www.mvotem.com/static/upload/file/20231201/1701410823451934.pdf,https://www.mvotem.com/static/upload/other/20231201/1701410827495526.step,慕藤光官网在线选型表；变倍率与缺失参数须按实际配置核对
MZ7.0X-0.25A,慕藤光,Zoom,,,,,,,,,,,,,,,,,,0.25,,,,,617,https://www.mvotem.com/list_99/,https://www.mvotem.com/static/upload/file/20231209/1702085232955135.pdf,https://www.mvotem.com/static/upload/other/20231201/1701412177436974.step,慕藤光官网在线选型表；变倍率与缺失参数须按实际配置核对
MT-PC360,慕藤光,Unclassified,,,,,,,,,,,,,,,,,,,,,,,607,https://www.mvotem.com/list_99/,https://www.mvotem.com/static/upload/file/20231204/1701652376677334.pdf,https://www.mvotem.com/static/upload/other/20231204/1701652379826347.step,慕藤光官网在线选型表；变倍率与缺失参数须按实际配置核对
MF200-C-S + MA-13F,慕藤光,OpticalAssembly,C,,,,,,,,22.6,,22,,,,,,0.79,15,4/3″（φ22）,22.6,C接口,镜管系列,562,https://www.mvotem.com/list_99/,https://www.mvotem.com/static/upload/file/20231212/1702349306605823.pdf,https://www.mvotem.com/static/upload/other/20231209/1702085882793505.step,慕藤光官网在线选型表；变倍率与缺失参数须按实际配置核对
MT029-300-150-43.5-X,慕藤光,BiTelecentric,M58,,,,,,,0.29,300,,,,,,,,36.3,0.29,APS,300,M58,远心镜头,546|1685,https://www.mvotem.com/list_99/,https://www.mvotem.com/static/upload/file/20231204/1701655065101265.pdf,https://www.mvotem.com/static/upload/other/20231204/1701655076961774.step,慕藤光官网在线选型表；变倍率与缺失参数须按实际配置核对
MT1.0-110C-HR,慕藤光,ObjectTelecentric,C,,,,,,,1,110,,11,,,,,,7.5,1,2/3″（φ11）,110,C接口,远心镜头,511|1784,https://www.mvotem.com/list_99/,https://www.mvotem.com/static/upload/file/20241031/1730353110892637.pdf,https://www.mvotem.com/static/upload/other/20250815/1755246515491383.step,慕藤光官网在线选型表；变倍率与缺失参数须按实际配置核对
MF200-C-S + MA-40F,慕藤光,OpticalAssembly,C,,,,,,,,45.3,,22,,,,,,2,5,4/3″（φ22）,45.3,C接口,镜管系列,559,https://www.mvotem.com/list_99/,https://www.mvotem.com/static/upload/file/20231212/1702349693755290.pdf,https://www.mvotem.com/static/upload/other/20231209/1702085947566354.step,慕藤光官网在线选型表；变倍率与缺失参数须按实际配置核对
MF100-C-S + MA-28F,慕藤光,OpticalAssembly,C,,,,,,,,36.4,,22,,,,,,1.25,3.5,4/3″（φ22）,36.4,C接口,镜管系列,553,https://www.mvotem.com/list_99/,https://www.mvotem.com/static/upload/file/20231212/1702349825851637.pdf,https://www.mvotem.com/static/upload/other/20231209/1702086093117069.step,慕藤光官网在线选型表；变倍率与缺失参数须按实际配置核对
MF200-100-C-S,慕藤光,OpticalAssembly,,,,,,,,,,,,,,,,,,,,,,镜管系列,549,https://www.mvotem.com/list_99/,https://www.mvotem.com/static/upload/file/20231212/1702349897318323.pdf,https://www.mvotem.com/static/upload/other/20231204/1701654785462225.step,慕藤光官网在线选型表；变倍率与缺失参数须按实际配置核对
MAZ12-M-2O-2EC,慕藤光,Zoom,M58,,,,,,,,40,,44,,,,,,,2.4~28.8,φ44,40,M58,SR超分辨率变倍,485,https://www.mvotem.com/list_99/,,,慕藤光官网在线选型表；变倍率与缺失参数须按实际配置核对
MAZ12-M-0.5O-2EC,慕藤光,Zoom,M58,,,,,,,,180,,44,,,,,,,0.6~7.2,φ44,180,M58,SR超分辨率变倍,479,https://www.mvotem.com/list_99/,,,慕藤光官网在线选型表；变倍率与缺失参数须按实际配置核对
MAZ12-SM-1O-0.5EC,慕藤光,Zoom,C,,,,,,,,90,,11,,,,,,,0.3~3.6,2/3″（φ11）,90,C接口,SR超分辨率变倍,471,https://www.mvotem.com/list_99/,,,慕藤光官网在线选型表；变倍率与缺失参数须按实际配置核对
MVX-2524-17-20M,慕藤光,FixedFocal,C,,,,,,,,,,,,,,,,,,1.1″,100~lnf,C接口,机器视觉镜头,655,https://www.mvotem.com/list_99/,https://www.mvotem.com/static/upload/file/20231201/1701402295681372.pdf,https://www.mvotem.com/static/upload/other/20231201/1701402301898536.step,慕藤光官网在线选型表；变倍率与缺失参数须按实际配置核对
MVX-1624-17-20M,慕藤光,FixedFocal,C,,,,,,,,,,,,,,,,,,1.1″,100~lnf,C接口,机器视觉镜头,654,https://www.mvotem.com/list_99/,https://www.mvotem.com/static/upload/file/20231201/1701402326868440.pdf,https://www.mvotem.com/static/upload/other/20231201/1701402330182794.step,慕藤光官网在线选型表；变倍率与缺失参数须按实际配置核对
MVX-5016-11-5M,慕藤光,FixedFocal,C,,,,,,,,,,11,,,,,,,,2/3″（φ11）,300~lnf,C接口,机器视觉镜头,652,https://www.mvotem.com/list_99/,https://www.mvotem.com/static/upload/file/20231201/1701402587166659.pdf,https://www.mvotem.com/static/upload/other/20231201/1701402591148195.step,慕藤光官网在线选型表；变倍率与缺失参数须按实际配置核对
MVX-3516-11-5M,慕藤光,FixedFocal,C,,,,,,,,,,11,,,,,,,,2/3″（φ11）,150~lnf,C接口,机器视觉镜头,651,https://www.mvotem.com/list_99/,https://www.mvotem.com/static/upload/file/20231201/1701402669437972.pdf,https://www.mvotem.com/static/upload/other/20231201/1701402675111875.step,慕藤光官网在线选型表；变倍率与缺失参数须按实际配置核对
MVX-2516-11-5M,慕藤光,FixedFocal,C,,,,,,,,,,11,,,,,,,,2/3″（φ11）,100~lnf,C接口,机器视觉镜头,650,https://www.mvotem.com/list_99/,https://www.mvotem.com/static/upload/file/20231201/1701402808132424.pdf,https://www.mvotem.com/static/upload/other/20231201/1701402813757880.step,慕藤光官网在线选型表；变倍率与缺失参数须按实际配置核对
MVX-1616-11-5M,慕藤光,FixedFocal,C,,,,,,,,,,11,,,,,,,,2/3″（φ11）,100~lnf,C接口,机器视觉镜头,649,https://www.mvotem.com/list_99/,https://www.mvotem.com/static/upload/file/20231201/1701402846150615.pdf,https://www.mvotem.com/static/upload/other/20231201/1701402851121917.step,慕藤光官网在线选型表；变倍率与缺失参数须按实际配置核对
MVX-1216-11-5M,慕藤光,FixedFocal,C,,,,,,,,,,11,,,,,,,,2/3″（φ11）,100~lnf,C接口,机器视觉镜头,648,https://www.mvotem.com/list_99/,https://www.mvotem.com/static/upload/file/20231201/1701402884482349.pdf,https://www.mvotem.com/static/upload/other/20231201/1701402888916376.step,慕藤光官网在线选型表；变倍率与缺失参数须按实际配置核对
MT-PL45,慕藤光,Unclassified,,,,,,,,,,,,,,,,,,,,,,,646,https://www.mvotem.com/list_99/,https://www.mvotem.com/static/upload/file/20231201/1701409961927368.pdf,https://www.mvotem.com/static/upload/other/20231201/1701409970227402.step,慕藤光官网在线选型表；变倍率与缺失参数须按实际配置核对
MT-PL40,慕藤光,Unclassified,,,,,,,,,,,,,,,,,,,,,,,645,https://www.mvotem.com/list_99/,https://www.mvotem.com/static/upload/file/20231201/1701409991241892.pdf,https://www.mvotem.com/static/upload/other/20231201/1701409997325185.step,慕藤光官网在线选型表；变倍率与缺失参数须按实际配置核对
MT-PL35,慕藤光,Unclassified,,,,,,,,,,,,,,,,,,,,,,,644,https://www.mvotem.com/list_99/,https://www.mvotem.com/static/upload/file/20231201/1701410080250625.pdf,https://www.mvotem.com/static/upload/other/20231201/1701410089910885.step,慕藤光官网在线选型表；变倍率与缺失参数须按实际配置核对
MT-P4,慕藤光,Unclassified,,,,,,,,,,,,,,,,,,,,,,,641,https://www.mvotem.com/list_99/,https://www.mvotem.com/static/upload/file/20231201/1701410389477046.pdf,,慕藤光官网在线选型表；变倍率与缺失参数须按实际配置核对
MZL16R-P3,慕藤光,Zoom,,,,,,,,,,,,,,,,,,,,,,,638,https://www.mvotem.com/list_99/,,,慕藤光官网在线选型表；变倍率与缺失参数须按实际配置核对
MT-PL16-D3,慕藤光,Unclassified,,,,,,,,,,,,,,,,,,,,,,,634,https://www.mvotem.com/list_99/,https://www.mvotem.com/static/upload/file/20231201/1701410934755565.pdf,https://www.mvotem.com/static/upload/other/20231201/1701410938978422.step,慕藤光官网在线选型表；变倍率与缺失参数须按实际配置核对
MA-4F-55,慕藤光,MicroscopeObjective,,,,,,,,,13,,,,,,,,0.61,50,,13,,,630,https://www.mvotem.com/list_99/,,,慕藤光官网在线选型表；变倍率与缺失参数须按实际配置核对
MA-20F,慕藤光,MicroscopeObjective,,,,,,,,,34,,,,,,,,1.2,10,,34,,,627,https://www.mvotem.com/list_99/,https://www.mvotem.com/static/upload/file/20231201/1701411356103205.pdf,https://www.mvotem.com/static/upload/other/20231201/1701411362531791.step,慕藤光官网在线选型表；变倍率与缺失参数须按实际配置核对
MA-57F,慕藤光,MicroscopeObjective,,,,,,,,,41,,,,,,,,2.75,3.5,,41,,,624,https://www.mvotem.com/list_99/,https://www.mvotem.com/static/upload/file/20231201/1701411512549108.pdf,https://www.mvotem.com/static/upload/other/20231201/1701411518711769.step,慕藤光官网在线选型表；变倍率与缺失参数须按实际配置核对
MZ7.0X-1.5A,慕藤光,Zoom,,,,,,,,,,,,,,,,,,1.5,,,,,621,https://www.mvotem.com/list_99/,https://www.mvotem.com/static/upload/other/20231201/1701412077592427.step,https://www.mvotem.com/static/upload/file/20231209/1702085176235986.pdf,慕藤光官网在线选型表；变倍率与缺失参数须按实际配置核对
MTZ035-225X,慕藤光,Unclassified,C,,,,,,,,285,2,11,,,,,,,0.35~2.25,2/3″（φ11）,285±2,C接口,,614,https://www.mvotem.com/list_99/,,,慕藤光官网在线选型表；变倍率与缺失参数须按实际配置核对
ML-CL20-X-SR,慕藤光,Unclassified,,,,,,,,,,,,,,,,,,,,,,,608,https://www.mvotem.com/list_99/,https://www.mvotem.com/static/upload/file/20231209/1702085631454001.pdf,https://www.mvotem.com/static/upload/other/20231209/1702085625274872.step,慕藤光官网在线选型表；变倍率与缺失参数须按实际配置核对
MT6.0-110-HR-90,慕藤光,Unclassified,C,,,,,,,,110,,11,,,,,,3,6,2/3″（φ11）,110,C接口,,604,https://www.mvotem.com/list_99/,,,慕藤光官网在线选型表；变倍率与缺失参数须按实际配置核对
MT2.0-110-HR-90,慕藤光,Unclassified,C,,,,,,,,110,,11,,,,,,4.5,2,2/3″（φ11）,110,C接口,,596,https://www.mvotem.com/list_99/,,,慕藤光官网在线选型表；变倍率与缺失参数须按实际配置核对
MT1.0-110-HR-90,慕藤光,Unclassified,C,,,,,,,,110,,11,,,,,,7.5,1,2/3″（φ11）,110,C接口,,592,https://www.mvotem.com/list_99/,,,慕藤光官网在线选型表；变倍率与缺失参数须按实际配置核对
MT0.5-110-HR-90,慕藤光,Unclassified,C,,,,,,,,110,,11,,,,,,12.8,0.5,2/3″（φ11）,110,C接口,,588,https://www.mvotem.com/list_99/,https://www.mvotem.com/static/upload/file/20231204/1701653332256289.pdf,https://www.mvotem.com/static/upload/other/20231204/1701653335145884.step,慕藤光官网在线选型表；变倍率与缺失参数须按实际配置核对
M2D-11-4-10-WD40-10C,慕藤光,Unclassified,,,,,,,,,40,,,,,,,,,10,,40,,,587,https://www.mvotem.com/list_99/,,,慕藤光官网在线选型表；变倍率与缺失参数须按实际配置核对
M2D-11-4-10-WD40-9C,慕藤光,Unclassified,,,,,,,,,40,,,,,,,,,4,,40,,,586,https://www.mvotem.com/list_99/,,,慕藤光官网在线选型表；变倍率与缺失参数须按实际配置核对
M2D-11-4-10-WD40-8C,慕藤光,OpticalAssembly,,,,,,,,,40,,,,,,,,,1,,40,,高清多倍率镜头组,585,https://www.mvotem.com/list_99/,https://www.mvotem.com/static/upload/file/20250225/1740464088982150.pdf,,慕藤光官网在线选型表；变倍率与缺失参数须按实际配置核对
MT-IF400-22C + MC-5 + OF50-65-14.7D,慕藤光,OpticalAssembly,C,,,,,,,,,,22,,,,,,2.24,8,4/3″（φ22）,65±5%,C接口,镜管系列,575,https://www.mvotem.com/list_99/,,,慕藤光官网在线选型表；变倍率与缺失参数须按实际配置核对
MT-IF400-22C + MC-5 + OF50-65-10D,慕藤光,OpticalAssembly,C,,,,,,,,,,22,,,,,,3.05,8,4/3″（φ22）,65±5%,C接口,镜管系列,574,https://www.mvotem.com/list_99/,,,慕藤光官网在线选型表；变倍率与缺失参数须按实际配置核对
MT-IF400-22C + MC-5 + OF50-65-7D,慕藤光,OpticalAssembly,C,,,,,,,,,,22,,,,,,4.79,8,4/3″（φ22）,65±5%,C接口,镜管系列,573,https://www.mvotem.com/list_99/,,,慕藤光官网在线选型表；变倍率与缺失参数须按实际配置核对
MT-IF200-22C + MC-5 + OF50-65-14.7D,慕藤光,OpticalAssembly,C,,,,,,,,,,22,,,,,,2.24,4,4/3″（φ22）,65±5%,C接口,镜管系列,572,https://www.mvotem.com/list_99/,,,慕藤光官网在线选型表；变倍率与缺失参数须按实际配置核对
MT-IF200-22C + MC-5 + OF50-65-10D,慕藤光,OpticalAssembly,C,,,,,,,,,,22,,,,,,3.05,4,4/3″（φ22）,65±5%,C接口,镜管系列,571,https://www.mvotem.com/list_99/,,,慕藤光官网在线选型表；变倍率与缺失参数须按实际配置核对
MT-IF200-22C + MC-5 + OF50-65-7D,慕藤光,OpticalAssembly,C,,,,,,,,,,22,,,,,,4.79,4,4/3″（φ22）,65±5%,C接口,镜管系列,570,https://www.mvotem.com/list_99/,,,慕藤光官网在线选型表；变倍率与缺失参数须按实际配置核对
MT-IF100-22C + MC-5 + OF50-65-14.7D,慕藤光,OpticalAssembly,C,,,,,,,,,,22,,,,,,2.24,2,4/3″（φ22）,65±5%,C接口,镜管系列,569,https://www.mvotem.com/list_99/,,,慕藤光官网在线选型表；变倍率与缺失参数须按实际配置核对
MT-IF100-22C + MC-5 + OF50-65-10D,慕藤光,OpticalAssembly,C,,,,,,,,,,22,,,,,,3.05,2,4/3″（φ22）,65±5%,C接口,镜管系列,568,https://www.mvotem.com/list_99/,,,慕藤光官网在线选型表；变倍率与缺失参数须按实际配置核对
MT-IF100-22C + MC-5 + OF50-65-7D,慕藤光,OpticalAssembly,C,,,,,,,,,,22,,,,,,4.79,2,4/3″（φ22）,65±5%,C接口,镜管系列,567,https://www.mvotem.com/list_99/,,,慕藤光官网在线选型表；变倍率与缺失参数须按实际配置核对
MF200-C-S + MA-10F,慕藤光,OpticalAssembly,C,,,,,,,,29.5,,22,,,,,,0.8,20,4/3″（φ22）,29.5,C接口,镜管系列,563,https://www.mvotem.com/list_99/,https://www.mvotem.com/static/upload/file/20231212/1702349276681823.pdf,https://www.mvotem.com/static/upload/other/20231209/1702085850687120.step,慕藤光官网在线选型表；变倍率与缺失参数须按实际配置核对
MF100-C-S + MA-10F,慕藤光,OpticalAssembly,C,,,,,,,,29.5,,22,,,,,,0.8,10,4/3″（φ22）,29.5,C接口,镜管系列,556,https://www.mvotem.com/list_99/,https://www.mvotem.com/static/upload/file/20231212/1702349773805640.pdf,https://www.mvotem.com/static/upload/other/20231209/1702086035589452.step,慕藤光官网在线选型表；变倍率与缺失参数须按实际配置核对
MF100-C-S + MA-100F,慕藤光,OpticalAssembly,C,,,,,,,,33.7,,22,,,,,,6.1,1,4/3″（φ22）,33.7,C接口,镜管系列,550,https://www.mvotem.com/list_99/,https://www.mvotem.com/static/upload/file/20231212/1702349875678416.pdf,https://www.mvotem.com/static/upload/other/20231209/1702085990423092.step,慕藤光官网在线选型表；变倍率与缺失参数须按实际配置核对
MT018-276-125-23-X,慕藤光,BiTelecentric,M42,,,,,,,0.184,276.5,,22,,,,,,29.6,0.184,4/3″（φ22）,276.5,M42,远心镜头,542|1681,https://www.mvotem.com/list_99/,https://www.mvotem.com/static/upload/file/20231204/1701655595322543.pdf,https://www.mvotem.com/static/upload/other/20231204/1701655617308469.step,慕藤光官网在线选型表；变倍率与缺失参数须按实际配置核对
MT013-276-125-16-C,慕藤光,BiTelecentric,C,,,,,,,0.13,276,,16,,,,,,38.9,0.13,1″（φ16）,276,C接口,远心镜头,541|1677,https://www.mvotem.com/list_99/,https://www.mvotem.com/static/upload/file/20231204/1701655679584415.pdf,https://www.mvotem.com/static/upload/other/20231204/1701655687999975.step,慕藤光官网在线选型表；变倍率与缺失参数须按实际配置核对
MT009-276-125-16-C,慕藤光,ObjectTelecentric,C,,,,,,,0.09,276,,11,,,,,,62,0.09,2/3″（φ11）,276,C接口,远心镜头,540,https://www.mvotem.com/list_99/,,,慕藤光官网在线选型表；变倍率与缺失参数须按实际配置核对
MT016-222-100-16-C,慕藤光,BiTelecentric,C,,,,,,,0.16,222,,16,,,,,,33.7,0.16,1″（φ16）,222,C接口,远心镜头,539|1679,https://www.mvotem.com/list_99/,https://www.mvotem.com/static/upload/file/20231204/1701655866918746.pdf,https://www.mvotem.com/static/upload/other/20231204/1701655872493868.step,慕藤光官网在线选型表；变倍率与缺失参数须按实际配置核对
MT011-222-100-11-C,慕藤光,BiTelecentric,C,,,,,,,0.11,222,,11,,,,,,23.4,0.11,2/3″（φ11）,222,C接口,远心镜头,538|1676,https://www.mvotem.com/list_99/,https://www.mvotem.com/static/upload/file/20231204/1701656004666903.pdf,https://www.mvotem.com/static/upload/other/20231204/1701656012160553.step,慕藤光官网在线选型表；变倍率与缺失参数须按实际配置核对
MT054-190-80-43.5-X,慕藤光,BiTelecentric,M58,,,,,,,0.54,190,,,,,,,,20.2,0.54,APS,190,M58,远心镜头,537|1687,https://www.mvotem.com/list_99/,https://www.mvotem.com/static/upload/file/20231204/1701656079722112.pdf,https://www.mvotem.com/static/upload/other/20231204/1701656087170289.step,慕藤光官网在线选型表；变倍率与缺失参数须按实际配置核对
MT043-190-80-35-X,慕藤光,ObjectTelecentric,M42,,,,,,,0.43,190,,,,,,,,13.5,0.43,APS,190,M42,远心镜头,536,https://www.mvotem.com/list_99/,,,慕藤光官网在线选型表；变倍率与缺失参数须按实际配置核对
MT0288-190-80-23-X,慕藤光,BiTelecentric,M42,,,,,,,0.288,190,,22,,,,,,18.8,0.288,4/3″（φ22）,190,M42,远心镜头,535|1691,https://www.mvotem.com/list_99/,https://www.mvotem.com/static/upload/file/20231204/1701656189872032.pdf,https://www.mvotem.com/static/upload/other/20231204/1701656195253235.step,慕藤光官网在线选型表；变倍率与缺失参数须按实际配置核对
MT020-190-80-16-C,慕藤光,BiTelecentric,C,,,,,,,0.2,190,,16,,,,,,40,0.2,1″（φ16）,190,C接口,远心镜头,534|1682,https://www.mvotem.com/list_99/,https://www.mvotem.com/static/upload/file/20231204/1701656301660034.pdf,https://www.mvotem.com/static/upload/other/20231204/1701656345719954.step,慕藤光官网在线选型表；变倍率与缺失参数须按实际配置核对
MT014-190-80-11-C,慕藤光,BiTelecentric,C,,,,,,,0.14,190,,11,,,,,,41.8,0.14,2/3″（φ11）,190,C接口,远心镜头,533|1678,https://www.mvotem.com/list_99/,https://www.mvotem.com/static/upload/file/20231204/1701656438152007.pdf,https://www.mvotem.com/static/upload/other/20231204/1701656444210244.step,慕藤光官网在线选型表；变倍率与缺失参数须按实际配置核对
MT073-140-60-43.5-X,慕藤光,BiTelecentric,M58,,,,,,,0.73,140,,,,,,,,14.6,0.73,APS,140,M58,远心镜头,532|1689,https://www.mvotem.com/list_99/,https://www.mvotem.com/static/upload/file/20231204/1701656657526189.pdf,https://www.mvotem.com/static/upload/other/20231204/1701656665991015.step,慕藤光官网在线选型表；变倍率与缺失参数须按实际配置核对
MT040-220-60-16-C,慕藤光,ObjectTelecentric,C,,,,,,,0.4,220,,16,,,,,,,0.4,1″（φ16）,220,C接口,远心镜头,531,https://www.mvotem.com/list_99/,https://www.mvotem.com/static/upload/file/20231204/1701657181406185.pdf,https://www.mvotem.com/static/upload/other/20231209/1702086444999101.step,慕藤光官网在线选型表；变倍率与缺失参数须按实际配置核对
MT026-140-60-16-C,慕藤光,BiTelecentric,C,,,,,,,0.26,140,,16,,,,,,19.6,0.26,1″（φ16）,140,C接口,远心镜头,530|1683,https://www.mvotem.com/list_99/,https://www.mvotem.com/static/upload/file/20231204/1701657114615943.pdf,https://www.mvotem.com/static/upload/other/20231204/1701657105930864.step,慕藤光官网在线选型表；变倍率与缺失参数须按实际配置核对
MT018-140-60-11-C,慕藤光,BiTelecentric,C,,,,,,,0.18,140,,11,,,,,,30.5,0.18,2/3″（φ11）,140,C接口,远心镜头,529|1680,https://www.mvotem.com/list_99/,https://www.mvotem.com/static/upload/file/20231205/1701744188463982.pdf,https://www.mvotem.com/static/upload/other/20231205/1701744301278781.step,慕藤光官网在线选型表；变倍率与缺失参数须按实际配置核对
MT109-110-40-43.5-X,慕藤光,BiTelecentric,M58,,,,,,,1.09,110,,,,,,,,10,1.09,APS,110,M58,远心镜头,528|1690,https://www.mvotem.com/list_99/,https://www.mvotem.com/static/upload/file/20231205/1701744348810823.pdf,https://www.mvotem.com/static/upload/other/20231205/1701744356376270.step,慕藤光官网在线选型表；变倍率与缺失参数须按实际配置核对
MT040-220-40-16-C,慕藤光,ObjectTelecentric,C,,,,,,,0.4,220,,16,,,,,,22,0.4,1″（φ16）,220,C接口,远心镜头,526,https://www.mvotem.com/list_99/,https://www.mvotem.com/static/upload/file/20231205/1701744440678739.pdf,https://www.mvotem.com/static/upload/other/20231205/1701744452825171.step,慕藤光官网在线选型表；变倍率与缺失参数须按实际配置核对
MT040-110-40-16-C,慕藤光,BiTelecentric,C,,,,,,,0.4,110,,16,,,,,,12.4,0.4,1″（φ16）,110,C接口,远心镜头,525|1686,https://www.mvotem.com/list_99/,https://www.mvotem.com/static/upload/file/20231205/1701744487104986.pdf,https://www.mvotem.com/static/upload/other/20231205/1701744495397063.step,慕藤光官网在线选型表；变倍率与缺失参数须按实际配置核对
MT027-110-40-11-C,慕藤光,BiTelecentric,C,,,,,,,0.27,110,,11,,,,,,15.7,0.27,2/3″（φ11）,110,C接口,远心镜头,524|1684,https://www.mvotem.com/list_99/,https://www.mvotem.com/static/upload/file/20231205/1701744557296868.pdf,https://www.mvotem.com/static/upload/other/20231205/1701744564323302.step,慕藤光官网在线选型表；变倍率与缺失参数须按实际配置核对
MT6.0-110C-HR,慕藤光,ObjectTelecentric,C,,,,,,,6,110,,11,,,,,,4.5,6,2/3″（φ11）,110,C接口,远心镜头,523|1793,https://www.mvotem.com/list_99/,https://www.mvotem.com/static/upload/file/20241031/1730352938132199.pdf,https://www.mvotem.com/static/upload/other/20250815/1755247062777029.step,慕藤光官网在线选型表；变倍率与缺失参数须按实际配置核对
MT1.5-110C-HR,慕藤光,ObjectTelecentric,C,,,,,,,1.5,110,,11,,,,,,5.4,1.5,2/3″（φ11）,110,C接口,远心镜头,513|1798,https://www.mvotem.com/list_99/,https://www.mvotem.com/static/upload/file/20241031/1730353092829290.pdf,https://www.mvotem.com/static/upload/other/20250815/1755247351460259.step,慕藤光官网在线选型表；变倍率与缺失参数须按实际配置核对
MT04-110-S,慕藤光,ObjectTelecentric,C,,,,,,,0.4,110,,8,,,,,,12.8,0.4,1/2″（φ8）,110,C接口,远心镜头,505|1797,https://www.mvotem.com/list_99/,https://www.mvotem.com/static/upload/file/20250815/1755247287407458.pdf,https://www.mvotem.com/static/upload/other/20250815/1755247291183496.step,慕藤光官网在线选型表；变倍率与缺失参数须按实际配置核对
MT035-110-S,慕藤光,ObjectTelecentric,C,,,,,,,0.35,110,,8,,,,,,12.8,0.35,1/2″（φ8）,110,C接口,远心镜头,504|1800,https://www.mvotem.com/list_99/,https://www.mvotem.com/static/upload/file/20231209/1702086607870032.pdf,https://www.mvotem.com/static/upload/other/20231205/1701746823341351.step,慕藤光官网在线选型表；变倍率与缺失参数须按实际配置核对
MT4.0-65C-HR,慕藤光,ObjectTelecentric,C,,,,,,,4,65,,11,,,,,,3,4,2/3″（φ11）,65,C接口,远心镜头,501|1774,https://www.mvotem.com/list_99/,https://www.mvotem.com/static/upload/file/20241031/1730353479925458.pdf,https://www.mvotem.com/static/upload/other/20250815/1755245819607922.step,慕藤光官网在线选型表；变倍率与缺失参数须按实际配置核对
MT2.0-65C-HR,慕藤光,ObjectTelecentric,C,,,,,,,2,65,,11,,,,,,4.5,2,2/3″（φ11）,65,C接口,远心镜头,495|1772,https://www.mvotem.com/list_99/,https://www.mvotem.com/static/upload/file/20241031/1730353458936306.pdf,https://www.mvotem.com/static/upload/other/20250815/1755245700110729.step,慕藤光官网在线选型表；变倍率与缺失参数须按实际配置核对
MT1.5-65C-HR,慕藤光,ObjectTelecentric,C,,,,,,,1.5,65,,11,,,,,,5.4,1.5,2/3″（φ11）,65,C接口,远心镜头,493|1770,https://www.mvotem.com/list_99/,https://www.mvotem.com/static/upload/file/20241031/1730353411316811.pdf,https://www.mvotem.com/static/upload/other/20250815/1755245548249473.step,慕藤光官网在线选型表；变倍率与缺失参数须按实际配置核对
MT1.0-65C-HR,慕藤光,ObjectTelecentric,C,,,,,,,1,65,,11,,,,,,7.5,1,2/3″（φ11）,65,C接口,远心镜头,491|1768,https://www.mvotem.com/list_99/,https://www.mvotem.com/static/upload/file/20241031/1730353372142467.pdf,https://www.mvotem.com/static/upload/other/20250815/1755245453500583.step,慕藤光官网在线选型表；变倍率与缺失参数须按实际配置核对
MT0.8-65C-HR,慕藤光,ObjectTelecentric,C,,,,,,,0.8,65,,11,,,,,,8.4,0.8,2/3″（φ11）,65,C接口,远心镜头,489,https://www.mvotem.com/list_99/,https://www.mvotem.com/static/upload/file/20241031/1730353340327065.pdf,,慕藤光官网在线选型表；变倍率与缺失参数须按实际配置核对
MT0.5-65C-HR,慕藤光,ObjectTelecentric,C,,,,,,,0.5,65,,11,,,,,,12.8,0.5,2/3″（φ11）,65,C接口,远心镜头,487,https://www.mvotem.com/list_99/,https://www.mvotem.com/static/upload/file/20241031/1730353312691853.pdf,,慕藤光官网在线选型表；变倍率与缺失参数须按实际配置核对
MAZ12-M-1O-1EC,慕藤光,Zoom,C,,,,,,,,90,,22,,,,,,,0.6~7.2,4/3″（φ22）,90,C接口,SR超分辨率变倍,481,https://www.mvotem.com/list_99/,https://www.mvotem.com/static/upload/file/20231205/1701748236564224.pdf,https://www.mvotem.com/static/upload/other/20231205/1701748243369232.step,慕藤光官网在线选型表；变倍率与缺失参数须按实际配置核对
MAZ12-M-1O-0.5EC,慕藤光,Zoom,C,,,,,,,,90,,11,,,,,,,0.3~3.6,2/3″（φ11）,90,C接口,SR超分辨率变倍,480,https://www.mvotem.com/list_99/,,,慕藤光官网在线选型表；变倍率与缺失参数须按实际配置核对
MAZ12-SM-2O-1EC,慕藤光,Zoom,C,,,,,,,,40,,22,,,,,,,1.2~14.4,4/3″（φ22）,40,C接口,SR超分辨率变倍,475,https://www.mvotem.com/list_99/,,,慕藤光官网在线选型表；变倍率与缺失参数须按实际配置核对
MAZ12-SM-2O-0.5EC,慕藤光,Zoom,C,,,,,,,,40,,11,,,,,,,0.6~7.2,2/3″（φ11）,40,C接口,SR超分辨率变倍,474,https://www.mvotem.com/list_99/,,,慕藤光官网在线选型表；变倍率与缺失参数须按实际配置核对
MAZ12-SM-1O-2EC,慕藤光,Zoom,M58,,,,,,,,90,,44,,,,,,,1.2~14.4,φ44,90,M58,SR超分辨率变倍,473,https://www.mvotem.com/list_99/,,,慕藤光官网在线选型表；变倍率与缺失参数须按实际配置核对
MAZ12-SM-1O-1EC,慕藤光,Zoom,C,,,,,,,,90,,22,,,,,,,0.6~7.2,4/3″（φ22）,90,C接口,SR超分辨率变倍,472,https://www.mvotem.com/list_99/,https://www.mvotem.com/static/upload/file/20231205/1701763277714217.pdf,https://www.mvotem.com/static/upload/other/20231205/1701763285337039.step,慕藤光官网在线选型表；变倍率与缺失参数须按实际配置核对
MZ7.0XCF,慕藤光,Zoom,,,,,,,,,95,2,16,,,,,,,0.7~4.5,1″（φ16）,95±2,C接口/F接口,连续变倍镜头,467,https://www.mvotem.com/list_99/,https://www.mvotem.com/static/upload/file/20231205/1701753930763550.pdf,https://www.mvotem.com/static/upload/other/20231205/1701753941295894.step,慕藤光官网在线选型表；变倍率与缺失参数须按实际配置核对
MZ7.0X,慕藤光,Zoom,,,,,,,,,95,2,16,,,,,,,0.7~4.5,1″（φ16）,95±2,C接口/F接口,连续变倍镜头,464,https://www.mvotem.com/list_99/,https://www.mvotem.com/static/upload/file/20231205/1701754267910691.pdf,https://www.mvotem.com/static/upload/other/20231205/1701754271412466.step,慕藤光官网在线选型表；变倍率与缺失参数须按实际配置核对
MAZ12.0XC2-LZ,慕藤光,Zoom,,,,,,,,,85,2,16,,,,,,,0.6~7.2,1″（φ16）,85±2,C接口/F接口,导轨自动变倍镜头,463,https://www.mvotem.com/list_99/,https://www.mvotem.com/static/upload/file/20231205/1701754344885209.pdf,https://www.mvotem.com/static/upload/other/20231205/1701754339531458.step,慕藤光官网在线选型表；变倍率与缺失参数须按实际配置核对
MAZ7.0XC2-LZ,慕藤光,Zoom,,,,,,,,,93,2,16,,,,,,,0.7~4.5,1″（φ16）,93±2,C接口/F接口,导轨自动变倍镜头,460,https://www.mvotem.com/list_99/,https://www.mvotem.com/static/upload/file/20231209/1702086872528949.pdf,https://www.mvotem.com/static/upload/other/20231205/1701754624404969.step,慕藤光官网在线选型表；变倍率与缺失参数须按实际配置核对
MAZ7.0X-LZ,慕藤光,Zoom,,,,,,,,,93,2,16,,,,,,,0.7~4.5,1″（φ16）,93±2,C接口/F接口,导轨自动变倍镜头,459,https://www.mvotem.com/list_99/,https://www.mvotem.com/static/upload/file/20231205/1701754666412287.pdf,https://www.mvotem.com/static/upload/other/20231205/1701754688199420.step,慕藤光官网在线选型表；变倍率与缺失参数须按实际配置核对
MA-100F-8-44,慕藤光,MicroscopeObjective,,,,,,,,,26.3,,,,,,,,4.2,2x,44,26.3,,定制/特殊/附件,1646,https://www.mvotem.com/list_99/,https://www.mvotem.com/static/upload/file/20250307/1741338063769057.pdf,https://www.mvotem.com/static/upload/other/20250219/1739934805839217.step,慕藤光官网在线选型表；变倍率与缺失参数须按实际配置核对
MAZ12.0X-0.5T,慕藤光,TubeLens,,,,,,,,,,,,,,,,,,,,,,后置TV管镜,1653,https://www.mvotem.com/list_99/,https://www.mvotem.com/static/upload/file/20250220/1740022194113977.pdf,,慕藤光官网在线选型表；变倍率与缺失参数须按实际配置核对
MAZ12.0X-0.67T,慕藤光,TubeLens,,,,,,,,,,,,,,,,,,,,,,后置TV管镜,1654,https://www.mvotem.com/list_99/,https://www.mvotem.com/static/upload/file/20250220/1740022608276330.pdf,,慕藤光官网在线选型表；变倍率与缺失参数须按实际配置核对
MAZ12.0X-1.0T,慕藤光,TubeLens,,,,,,,,,,,,,,,,,,,,,,后置TV管镜,1655,https://www.mvotem.com/list_99/,https://www.mvotem.com/static/upload/file/20250220/1740022759264535.pdf,,慕藤光官网在线选型表；变倍率与缺失参数须按实际配置核对
MAZ12.0X-1.5T,慕藤光,TubeLens,,,,,,,,,,,,,,,,,,,,,,后置TV管镜,1656,https://www.mvotem.com/list_99/,https://www.mvotem.com/static/upload/file/20250220/1740022821990064.pdf,,慕藤光官网在线选型表；变倍率与缺失参数须按实际配置核对
MAZ12.0X-2.0T,慕藤光,TubeLens,,,,,,,,,,,,,,,,,,,,,,后置TV管镜,1657,https://www.mvotem.com/list_99/,https://www.mvotem.com/static/upload/file/20250220/1740023568121122.pdf,,慕藤光官网在线选型表；变倍率与缺失参数须按实际配置核对
MAZ12-0X-1TP,慕藤光,TubeLens,,,,,,,,,,,,,,,,,,,,,,后置TV管镜,1658,https://www.mvotem.com/list_99/,https://www.mvotem.com/static/upload/file/20250220/1740023606329152.pdf,,慕藤光官网在线选型表；变倍率与缺失参数须按实际配置核对
MT-0.5-65(C)-HR,慕藤光,ObjectTelecentric,,,,,,,,,,,,,,,,,,,,,,高分辨远心镜头HR-65系列,1659|1765,https://www.mvotem.com/list_99/,https://www.mvotem.com/static/upload/file/20250225/1740451647239415.pdf,https://www.mvotem.com/static/upload/other/20250815/1755245259963453.step,慕藤光官网在线选型表；变倍率与缺失参数须按实际配置核对
MT-0.8-65(C)-HR,慕藤光,ObjectTelecentric,,,,,,,,,,,,,,,,,,,,,,高分辨远心镜头HR-65系列,1660|1766,https://www.mvotem.com/list_99/,https://www.mvotem.com/static/upload/file/20250225/1740451830443715.pdf,https://www.mvotem.com/static/upload/other/20250815/1755245314595860.step,慕藤光官网在线选型表；变倍率与缺失参数须按实际配置核对
MT-1.0-65(C)-HR,慕藤光,ObjectTelecentric,,,,,,,,,,,,,,,,,,,,,,高分辨远心镜头HR-65系列,1661,https://www.mvotem.com/list_99/,https://www.mvotem.com/static/upload/file/20250225/1740452537415385.pdf,,慕藤光官网在线选型表；变倍率与缺失参数须按实际配置核对
MT-1.5-65(C)-HR,慕藤光,ObjectTelecentric,,,,,,,,,,,,,,,,,,,,,,高分辨远心镜头HR-65系列,1662,https://www.mvotem.com/list_99/,https://www.mvotem.com/static/upload/file/20250225/1740452728249839.pdf,,慕藤光官网在线选型表；变倍率与缺失参数须按实际配置核对
MT-2.0-65(C)-HR,慕藤光,ObjectTelecentric,,,,,,,,,,,,,,,,,,,,,,高分辨远心镜头HR-65系列,1663,https://www.mvotem.com/list_99/,https://www.mvotem.com/static/upload/file/20250225/1740452765188193.pdf,,慕藤光官网在线选型表；变倍率与缺失参数须按实际配置核对
MT-4.0-65(C)-HR,慕藤光,ObjectTelecentric,,,,,,,,,,,,,,,,,,,,,,高分辨远心镜头HR-65系列,1664,https://www.mvotem.com/list_99/,https://www.mvotem.com/static/upload/file/20250225/1740453126296189.pdf,,慕藤光官网在线选型表；变倍率与缺失参数须按实际配置核对
MT-6.0-65(C)-HR,慕藤光,ObjectTelecentric,,,,,,,,,,,,,,,,,,,,,,高分辨远心镜头HR-65系列,1665,https://www.mvotem.com/list_99/,https://www.mvotem.com/static/upload/file/20250225/1740453267721914.pdf,,慕藤光官网在线选型表；变倍率与缺失参数须按实际配置核对
MT-0.5-110(C)-HR,慕藤光,ObjectTelecentric,,,,,,,,,,,,,,,,,,,,,,高分辨远心镜头HR-110系列,1666,https://www.mvotem.com/list_99/,https://www.mvotem.com/static/upload/file/20250225/1740454990629627.pdf,,慕藤光官网在线选型表；变倍率与缺失参数须按实际配置核对
MT-0.8-110(C)-HR,慕藤光,ObjectTelecentric,,,,,,,,,,,,,,,,,,,,,,高分辨远心镜头HR-110系列,1667,https://www.mvotem.com/list_99/,https://www.mvotem.com/static/upload/file/20250225/1740455272478644.pdf,,慕藤光官网在线选型表；变倍率与缺失参数须按实际配置核对
MT-1.0-110(C)-HR,慕藤光,ObjectTelecentric,,,,,,,,,,,,,,,,,,,,,,高分辨远心镜头HR-110系列,1668,https://www.mvotem.com/list_99/,https://www.mvotem.com/static/upload/file/20250225/1740455303642671.pdf,,慕藤光官网在线选型表；变倍率与缺失参数须按实际配置核对
MT-1.5-110(C)-HR,慕藤光,ObjectTelecentric,,,,,,,,,,,,,,,,,,,,,,高分辨远心镜头HR-110系列,1669,https://www.mvotem.com/list_99/,https://www.mvotem.com/static/upload/file/20250225/1740455526716334.pdf,,慕藤光官网在线选型表；变倍率与缺失参数须按实际配置核对
MT-2.0-110(C)-HR,慕藤光,ObjectTelecentric,,,,,,,,,,,,,,,,,,,,,,高分辨远心镜头HR-110系列,1670,https://www.mvotem.com/list_99/,https://www.mvotem.com/static/upload/file/20250225/1740455566617005.pdf,,慕藤光官网在线选型表；变倍率与缺失参数须按实际配置核对
MT-4.0-110(C)-HR,慕藤光,ObjectTelecentric,,,,,,,,,,,,,,,,,,,,,,高分辨远心镜头HR-110系列,1671,https://www.mvotem.com/list_99/,https://www.mvotem.com/static/upload/file/20250225/1740455592119522.pdf,,慕藤光官网在线选型表；变倍率与缺失参数须按实际配置核对
MT-6.0-110(C)-HR,慕藤光,ObjectTelecentric,,,,,,,,,,,,,,,,,,,,,,高分辨远心镜头HR-110系列,1672,https://www.mvotem.com/list_99/,https://www.mvotem.com/static/upload/file/20250225/1740455626564530.pdf,,慕藤光官网在线选型表；变倍率与缺失参数须按实际配置核对
MT058-110-40-17.6-C,慕藤光,BiTelecentric,,,,,,,,,,,,,,,,,,,,,,双侧远心镜头系列,1688,https://www.mvotem.com/list_99/,https://www.mvotem.com/static/upload/file/20250225/1740463337250062.pdf,,慕藤光官网在线选型表；变倍率与缺失参数须按实际配置核对
M05-UC-3,慕藤光,Unclassified,,,,,,,,,,,,,,,,,,,,,,同轴照明器+管镜,1692,https://www.mvotem.com/list_99/,https://www.mvotem.com/static/upload/file/20250225/1740463628201044.pdf,,慕藤光官网在线选型表；变倍率与缺失参数须按实际配置核对
MC-1+MF200-F+MA-20F(10倍),慕藤光,Unclassified,,,,,,,,,,,,,,,,,,,,,,同轴照明器+管镜,1693,https://www.mvotem.com/list_99/,https://www.mvotem.com/static/upload/file/20250225/1740463655313699.pdf,,慕藤光官网在线选型表；变倍率与缺失参数须按实际配置核对
MT05-110-HR-90,慕藤光,ObjectTelecentric,,,,,,,,,,,,,,,,,,,,,,90°转角远心镜头,1694,https://www.mvotem.com/list_99/,https://www.mvotem.com/static/upload/file/20250225/1740463842203295.pdf,,慕藤光官网在线选型表；变倍率与缺失参数须按实际配置核对
MF-200-C-S,慕藤光,OpticalAssembly,,,,,,,,,,,,,,,,,,,,,,MF超清系列,1721,https://www.mvotem.com/list_99/,https://www.mvotem.com/static/upload/image/20250304/1741068142863608.png,https://www.mvotem.com/static/upload/file/20250304/1741068182309144.pdf,慕藤光官网在线选型表；变倍率与缺失参数须按实际配置核对
MA-40F-25-44,慕藤光,MicroscopeObjective,,,,,,,,,17.5,,,,,,,,1.35,5X,44,17.5,,超分辨大视场系列物镜,1758,https://www.mvotem.com/list_99/,https://www.mvotem.com/static/upload/file/20250815/1755243129102845.pdf,https://www.mvotem.com/static/upload/other/20250815/1755243139427527.step,慕藤光官网在线选型表；变倍率与缺失参数须按实际配置核对
MA-20F-40-44,慕藤光,MicroscopeObjective,,,,,,,,,11,,,,,,,,0.84,10X,44,11,,超分辨大视场系列物镜,1759,https://www.mvotem.com/list_99/,https://www.mvotem.com/static/upload/file/20250815/1755243549796541.pdf,https://www.mvotem.com/static/upload/other/20250815/1755243557219208.step,慕藤光官网在线选型表；变倍率与缺失参数须按实际配置核对
MA-10F-53-44,慕藤光,MicroscopeObjective,,,,,,,,,10,,,,,,,,0.63,20X,44,10,,超分辨大视场系列物镜,1760,https://www.mvotem.com/list_99/,https://www.mvotem.com/static/upload/file/20250815/1755243649241330.pdf,https://www.mvotem.com/static/upload/other/20250815/1755243655361096.step,慕藤光官网在线选型表；变倍率与缺失参数须按实际配置核对
MT1.0-65C,慕藤光,ObjectTelecentric,,,,,,,,,,,,,,,,,,,,,,高分辨远心镜头HR65系列,1767,https://www.mvotem.com/list_99/,https://www.mvotem.com/static/upload/file/20250815/1755245393472686.pdf,https://www.mvotem.com/static/upload/other/20250815/1755245397119881.step,慕藤光官网在线选型表；变倍率与缺失参数须按实际配置核对
MT1.0-65-HR,慕藤光,ObjectTelecentric,,,,,,,,,,,,,,,,,,,,,,高分辨远心镜头HR65系列,1769,https://www.mvotem.com/list_99/,https://www.mvotem.com/static/upload/file/20250815/1755245493287137.pdf,https://www.mvotem.com/static/upload/other/20250815/1755245498474714.step,慕藤光官网在线选型表；变倍率与缺失参数须按实际配置核对
MT1.5-65-HR,慕藤光,ObjectTelecentric,,,,,,,,,,,,,,,,,,,,,,高分辨远心镜头HR65系列,1771,https://www.mvotem.com/list_99/,https://www.mvotem.com/static/upload/file/20250815/1755245624845149.pdf,https://www.mvotem.com/static/upload/other/20250815/1755245628509735.step,慕藤光官网在线选型表；变倍率与缺失参数须按实际配置核对
MT2.0-65-HR,慕藤光,ObjectTelecentric,,,,,,,,,,,,,,,,,,,,,,高分辨远心镜头HR65系列,1773,https://www.mvotem.com/list_99/,https://www.mvotem.com/static/upload/file/20250815/1755245762331114.pdf,https://www.mvotem.com/static/upload/other/20250815/1755245766282874.step,慕藤光官网在线选型表；变倍率与缺失参数须按实际配置核对
MT4.0-65-HR,慕藤光,ObjectTelecentric,,,,,,,,,,,,,,,,,,,,,,高分辨远心镜头HR65系列,1775,https://www.mvotem.com/list_99/,https://www.mvotem.com/static/upload/file/20250815/1755245870807287.pdf,https://www.mvotem.com/static/upload/other/20250815/1755245873161310.step,慕藤光官网在线选型表；变倍率与缺失参数须按实际配置核对
MT05-65C-HR,慕藤光,ObjectTelecentric,,,,,,,,,,,,,,,,,,,,,,高分辨远心镜头HR65系列,1776,https://www.mvotem.com/list_99/,https://www.mvotem.com/static/upload/file/20250815/1755245935479379.pdf,https://www.mvotem.com/static/upload/other/20250815/1755245942225236.step,慕藤光官网在线选型表；变倍率与缺失参数须按实际配置核对
MT05-65-HR,慕藤光,ObjectTelecentric,,,,,,,,,,,,,,,,,,,,,,高分辨远心镜头HR65系列,1777,https://www.mvotem.com/list_99/,https://www.mvotem.com/static/upload/file/20250815/1755245978731803.pdf,https://www.mvotem.com/static/upload/other/20250815/1755245981371086.step,慕藤光官网在线选型表；变倍率与缺失参数须按实际配置核对
MT6.0-65-HR,慕藤光,ObjectTelecentric,,,,,,,,,,,,,,,,,,,,,,高分辨远心镜头HR65系列,1779,https://www.mvotem.com/list_99/,https://www.mvotem.com/static/upload/file/20250815/1755246094535737.pdf,https://www.mvotem.com/static/upload/other/20250815/1755246098505255.step,慕藤光官网在线选型表；变倍率与缺失参数须按实际配置核对
MT08-65C-HR,慕藤光,ObjectTelecentric,,,,,,,,,,,,,,,,,,,,,,高分辨远心镜头HR65系列,1780|1781,https://www.mvotem.com/list_99/,https://www.mvotem.com/static/upload/file/20250815/1755246168519018.pdf,https://www.mvotem.com/static/upload/other/20250815/1755246172297785.step,慕藤光官网在线选型表；变倍率与缺失参数须按实际配置核对
MT08-65-HR,慕藤光,ObjectTelecentric,,,,,,,,,,,,,,,,,,,,,,高分辨远心镜头HR65系列,1782,https://www.mvotem.com/list_99/,https://www.mvotem.com/static/upload/file/20250815/1755246300347544.pdf,https://www.mvotem.com/static/upload/other/20250815/1755246304604009.step,慕藤光官网在线选型表；变倍率与缺失参数须按实际配置核对
MT035-65C,慕藤光,ObjectTelecentric,,,,,,,,,,,,,,,,,,,,,,高分辨远心镜头HR65系列,1783,https://www.mvotem.com/list_99/,https://www.mvotem.com/static/upload/file/20250815/1755246347832596.pdf,https://www.mvotem.com/static/upload/other/20250815/1755246350743580.step,慕藤光官网在线选型表；变倍率与缺失参数须按实际配置核对
MT1.0-110-HR,慕藤光,ObjectTelecentric,,,,,,,,,,,,,,,,,,,,,,高分辨远心镜头HR110系列,1785,https://www.mvotem.com/list_99/,https://www.mvotem.com/static/upload/file/20250815/1755246557269935.pdf,https://www.mvotem.com/static/upload/other/20250815/1755246561931317.step,慕藤光官网在线选型表；变倍率与缺失参数须按实际配置核对
MT1.5-110-HR,慕藤光,ObjectTelecentric,,,,,,,,,,,,,,,,,,,,,,高分辨远心镜头HR110系列,1786,https://www.mvotem.com/list_99/,https://www.mvotem.com/static/upload/file/20250815/1755246622641770.pdf,https://www.mvotem.com/static/upload/other/20250815/1755246626189387.step,慕藤光官网在线选型表；变倍率与缺失参数须按实际配置核对
MT2.0-110-HR,慕藤光,ObjectTelecentric,,,,,,,,,,,,,,,,,,,,,,高分辨远心镜头HR110系列,1788,https://www.mvotem.com/list_99/,https://www.mvotem.com/static/upload/file/20250815/1755246763568125.pdf,https://www.mvotem.com/static/upload/other/20250815/1755246767943889.step,慕藤光官网在线选型表；变倍率与缺失参数须按实际配置核对
MT4.0-110-HR,慕藤光,ObjectTelecentric,,,,,,,,,,,,,,,,,,,,,,高分辨远心镜头HR110系列,1790,https://www.mvotem.com/list_99/,https://www.mvotem.com/static/upload/file/20250815/1755246878488162.pdf,https://www.mvotem.com/static/upload/other/20250815/1755246883604330.step,慕藤光官网在线选型表；变倍率与缺失参数须按实际配置核对
MT05-110C-HR,慕藤光,ObjectTelecentric,,,,,,,,,,,,,,,,,,,,,,高分辨远心镜头HR110系列,1791,https://www.mvotem.com/list_99/,https://www.mvotem.com/static/upload/file/20250815/1755246946651210.pdf,https://www.mvotem.com/static/upload/other/20250815/1755246950460049.step,慕藤光官网在线选型表；变倍率与缺失参数须按实际配置核对
MT05-110-HR,慕藤光,ObjectTelecentric,,,,,,,,,,,,,,,,,,,,,,高分辨远心镜头HR110系列,1792,https://www.mvotem.com/list_99/,https://www.mvotem.com/static/upload/file/20250815/1755246998597939.pdf,https://www.mvotem.com/static/upload/other/20250815/1755247001816457.step,慕藤光官网在线选型表；变倍率与缺失参数须按实际配置核对
MT6.0-110-HR,慕藤光,ObjectTelecentric,,,,,,,,,,,,,,,,,,,,,,高分辨远心镜头HR110系列,1794,https://www.mvotem.com/list_99/,https://www.mvotem.com/static/upload/file/20250815/1755247113266762.pdf,https://www.mvotem.com/static/upload/other/20250815/1755247117683411.step,慕藤光官网在线选型表；变倍率与缺失参数须按实际配置核对
MT08-110C-HR,慕藤光,ObjectTelecentric,,,,,,,,,,,,,,,,,,,,,,高分辨远心镜头HR110系列,1795,https://www.mvotem.com/list_99/,https://www.mvotem.com/static/upload/file/20250815/1755247159187163.pdf,https://www.mvotem.com/static/upload/other/20250815/1755247162689908.step,慕藤光官网在线选型表；变倍率与缺失参数须按实际配置核对
MT08-110-HR,慕藤光,ObjectTelecentric,,,,,,,,,,,,,,,,,,,,,,高分辨远心镜头HR110系列,1796,https://www.mvotem.com/list_99/,https://www.mvotem.com/static/upload/file/20250815/1755247222164292.pdf,https://www.mvotem.com/static/upload/other/20250815/1755247224152664.step,慕藤光官网在线选型表；变倍率与缺失参数须按实际配置核对
MT035-110C,慕藤光,ObjectTelecentric,,,,,,,,,,,,,,,,,,,,,,高分辨远心镜头HR110系列,1799,https://www.mvotem.com/list_99/,https://www.mvotem.com/static/upload/file/20250815/1755247430912937.pdf,https://www.mvotem.com/static/upload/other/20250815/1755247435134408.step,慕藤光官网在线选型表；变倍率与缺失参数须按实际配置核对
